source,title,status,airDate,description,link
"WorldAtWork","Excel Case Study: Using Excel Tools and Formulas to Build a Dynamic Merit Matrix","Upcoming","2026-02-24","Workshop","https://worldatwork.org/product/redirect/a2WRj000004YB6nMAG"
"WorldAtWork","Building a Fair and Compliant Global Compensation Strategy","Upcoming","2026-02-25","Sponsor Delivered","https://worldatwork.org/product/redirect/a2WRj000004duKzMAI"
"WorldAtWork","Pay Transparency and Pay Equity: Separating Myth from Reality","Upcoming","2026-03-23","Featured","https://worldatwork.org/product/redirect/a2WRj000004iU06MAE"
"WorldAtWork","Incentive Compensation Maturity: How Leading Organizations Build Trust, Alignment, and Improvement Over Time","Upcoming","2026-03-31","Sponsor Delivered","https://worldatwork.org/product/redirect/a2WRj000004gN17MAE"
"WorldAtWork","Leveraging Centers of Excellence to Manage the High Costs of Cancer","Upcoming","2026-04-14","Sponsor Delivered","https://worldatwork.org/product/redirect/a2WRj000004gMMoMAM"
"WorldAtWork","Beyond Performance: How ""Impact"" Drives Compensation Resource Allocation","Upcoming","2026-04-28","Exclusive • Members Only","https://worldatwork.org/product/redirect/a2WRj000004XLGHMA4"
"WorldAtWork","Compensation Tech Demo Day","On Demand",,"On Demand Until: August 10, 2026 • Demo Day","https://worldatwork.org/product/redirect/a2WRj000004XI2HMAW"
"WorldAtWork","Pay Strategies for Future Focused Roles","On Demand",,"On Demand Until: January 27, 2027 • Exclusive • Members Only","https://worldatwork.org/product/redirect/a2WRj000004E0CLMA0"
"WorldAtWork","From Research to Results: How Positive Psychology and Intrinsic Motivation Drive Performance at Scale","On Demand",,"On Demand Until: January 20, 2027 • Featured","https://worldatwork.org/product/redirect/a2WRj000004ANU5MAO"
"WorldAtWork","HR@TR Preview: How HR Leaders Earn Trust and Drive Executive Conversations","On Demand",,"On Demand Until: January 07, 2027 • Featured","https://worldatwork.org/product/redirect/a2WRj000004dTr3MAE"
"WorldAtWork","December Membership Orientation","On Demand",,"On Demand Until: June 17, 2026","https://worldatwork.org/product/redirect/a2WRj0000040MELMA2"
"WorldAtWork","Pay Perception: The Missing Link in Your Compensation Strategy","On Demand",,"On Demand Until: May 18, 2026 • Exclusive • Members Only","https://worldatwork.org/product/redirect/a2WRj000003J9FZMA0"
"WorldAtWork","Countdown to Compliance: Preparing Compensation and Benefits for the EU Pay Transparency Directive","On Demand",,"On Demand Until: May 11, 2026 • Featured","https://worldatwork.org/product/redirect/a2WRj000003oFJtMAM"
"WorldAtWork","Beyond Base Pay: Achieving Pay Equity Across Total Rewards","On Demand",,"On Demand Until: May 04, 2026 • Sponsor Delivered","https://worldatwork.org/product/redirect/a2WRj000003iLAHMA2"
"WorldAtWork","A Field Guide to Comp's Scariest Monsters","On Demand",,"On Demand Until: April 30, 2026 • Sponsor Delivered","https://worldatwork.org/product/redirect/a2WRj000003p6hZMAQ"
"WorldAtWork","Pay with Purpose: Driving Employee Engagement Through Compensation","On Demand",,"On Demand Until: April 09, 2026 • Sponsor Delivered","https://worldatwork.org/product/redirect/a2WRj000003d0uTMAQ"
"WorldAtWork","September Membership Orientation","On Demand",,"On Demand Until: March 24, 2026","https://worldatwork.org/product/redirect/a2WRj000003CuBBMA0"
"WorldAtWork","Customizing Health Benefits: Cutting Costs Without Cutting Corners","On Demand",,"On Demand Until: March 23, 2026 • Featured","https://worldatwork.org/product/redirect/a2WRj000003IbtpMAC"
"WorldAtWork","Rethinking LTIs: Adapting to New Standards for Performance Equity","On Demand",,"On Demand Until: March 18, 2026 • Sponsor Delivered","https://worldatwork.org/product/redirect/a2WRj000003CmC1MAK"
"WorldAtWork","Unlocking Impact: Optimize the Compensation Lifecycle for Strategic Success","On Demand",,"On Demand Until: March 10, 2026 • Sponsor Delivered","https://worldatwork.org/product/redirect/a2WRj000003I0MQMA0"
"WorldAtWork","Turn Your Compensation Spreadsheet into a Secure Multi-User Business Application","On Demand",,"On Demand Until: March 08, 2026 • Sponsor Delivered","https://worldatwork.org/product/redirect/a2WRj00000391CsMAI"
"WorldAtWork","Justin Time Advice for Comp Excellence and Influence","On Demand",,"On Demand Until: March 01, 2026 • Exclusive • Members Only","https://worldatwork.org/product/redirect/a2WRj000002fQa5MAE"
"WorldAtWork","AI in Action: Implementing AI in Compensation","On Demand",,"On Demand Until: March 02, 2026 • Sponsor Delivered","https://worldatwork.org/product/redirect/a2WRj0000033Qc9MAE"
"WorldAtWork","Salary Budget Planning Playbook: Data, Strategy and Insights for the Year Ahead","On Demand",,"On Demand Until: February 19, 2026 • Featured","https://worldatwork.org/product/redirect/a2WRj0000032P0bMAE"
"Syndio","Countdown to the EU Directive: Transposition Trends and Preparing for the Right to Information","On Demand","June 25, 2025",,"https://synd.io/countdown-to-the-eu-directive-webinar-recording/"
"Syndio","Fireside Chat with Samira Rafaela, Co-Architect of the EU Pay Transparency Directive","On Demand","April 29, 2025",,"https://synd.io/fireside-chat-with-samira-rafaela-recording/"
"Syndio","Ask Us Anything: Understanding the Impact of the U.S. Executive Orders on Pay Equity","On Demand","March 19, 2025",,"https://synd.io/understanding-the-impact-of-the-us-executive-orders-on-pay-equity-recording/"
"Syndio","Driving a Global Compliance Strategy in a Shifting Landscape","On Demand","February 26, 2025",,"https://synd.io/driving-global-pay-equity-and-pay-gap-reporting-recording/"
"Syndio","The Future of Compensation: Scaling Pay Equity and Transparency with CompTech","On Demand","December 11, 2024",,"https://synd.io/scaling-pay-equity-and-transparency-with-comptech-recording/"
"Syndio","New President, New Pay Equity & Reporting Requirements?","On Demand","November 20, 2024",,"https://synd.io/new-president-new-pay-equity-and-reporting-requirements-recording/"
"Syndio","Keep Up with the EU Pay Transparency Directive: Updates, Market Insights, & Global Compliance Strategies","On Demand","October 16, 2024",,"https://synd.io/eu-pay-transparency-directive-updates-recording/"
"Syndio","How global employers approach pay transparency","On Demand",,,"https://synd.io/how-global-employers-approach-pay-transparency-recording/"
"Syndio","Decoding the Unadjusted Pay Gap","On Demand","April 18, 2024",,"https://synd.io/unadjusted-gender-pay-gap-calculation-recording/"
"Syndio","Tried & True Best Practices for Global Pay Reporting","On Demand","February 21, 2024",,"https://synd.io/global-pay-data-report-best-practices-recording/"
"Syndio","Mapping the Gaps: Get Ahead of Pay and Opportunity Reporting","On Demand","January 25, 2024",,"https://synd.io/mapping-opportunity-gap-pay-gap-recording/"
"Syndio","Key Factors for Effective 2024 Total Rewards Planning","On Demand","December 14, 2023",,"https://synd.io/planning-for-total-rewards-in-2024-recording/"